,id,label
163,cd8f1156d23f0428a421c628e7d63311ba631ae1,1
833,88be76731ed321405cd1cb7fd378db7145ee709d,0
998,a2b9eaa2f66eea377e403b28d939055498cba725,1
1259,5d8109d6ed5af74110d07086cb698f81796a2c85,1
2145,adb1e063b9315d6729a490c2522076d1745aec2a,1
2470,bf9abc59b99ba674d87ba0ecd741e21ae76fc218,1
2523,5a2e7ce139e7e9f438f72f1fb096d0a212a803f3,0
2568,d904a7c0b46d6a1df91fe17b0c4761dd97b44661,1
2878,c348f7bfb6797e45609038e9db1a7074fa078082,1
3123,01e3c3c162db5bd93803abc21a1f05cbdaca3032,0
3236,3ce1558d414faf715e8d9785d5319fc7c2455853,0
3307,64afcb402eba62f767ce508c511e318b5533f676,1
3335,aaccd3de46ad532a62e7cc5bfe0d71347c7c66e0,1
3620,0b965bdfee389ca3b19de63bef856d2ecc20aaa1,0
3856,662659be751475bdff0975e318ed0b272b45323d,0
4038,be5610ba2d11570608817d61aa5c3295602cfd43,0
4159,0c898bc3288409fffe5a2878363045506589ba7f,1
4189,4bd13ce4aa6bee8f7f01cbe3020478f0fa395a5f,1
4431,d28e64cf9c6cb05cbd308f376eb9c3bec0e64b36,0
4556,ccc3a6327e0f837b2166d931811731a28cb604c7,0
4664,671dd616f39178d8d50cfe93d8fcd9dc85db677f,0
4681,ee13620f5b8942f19f4a4dcab8da598bd7036562,1
4781,007cdce083f4b56d64b0ea235dae21cc59a2f9aa,0
4882,141de89f496854250e74391ea6f0b5bcdaad01af,1
4889,1c2f11e5d0dee99de3550c762d9639e0747151bd,0
5132,8a03de5907dffc4ff0da853bf9c2f03c0681e699,1
5526,ce570e41c4faaae5dd101e8bd92056b97b63be8d,1
5559,6ea1a72bc94081b3039517dfb8489313b499d61b,1
5603,edeb6ccf0c223f1758d600db9aa64b70f7e0f02a,1
5946,1400f80ee08eb3636fb7042d4a2070a2a95e0e43,1
5994,88e84ee5dc547fcb48317d188a2dd7b504806a95,0
6107,c27e8a7b19fa30aa782cdbbd7a7b75ccf471b155,1
6143,b01593d5a069e2dbb32851d54bc00fe52f848430,0
6225,2635984df0ef8c16171fd25371015fc771dc68a1,1
6325,3bf0924ccf1d3df2a5b617ff239e1e9e8677560f,0
6423,5af6ec6f438b5ec8d5ed03f91a747aaab538d23a,1
6813,5efc96239262eeab7c7a040b71828e031e992bbe,0
6842,4fcc3d4fbbccb66dbc02d0a27ff614261dc8a249,0
6850,a88d8a8de911c4dc99cc96db1ddac060704ccf2a,0
6880,b199505d6efd4b2b2bb7a6c87d79c824c3870445,1
7028,f350af91387a261973bbd1f5670da312a663a73d,0
7425,9a533fd31a784121c44f168935c9e686e014b17a,0
7462,e679e866e1d1ed79862d8684b129398f9382bd05,0
7550,d0d78ae93609b5666b1a2779bf6080b9c500387a,1
7941,da3ff0ee871f88d58f7b54c7a34fa927d1e938d1,0
8261,9c6b99d8403afe5be34142316587d44b4a2c2ba1,0
8483,a061187c92a40e360875b2c8347d7ddfe249a160,0
8727,3a44d49395158d17660f3efeab3d012d76d8b2aa,0
8730,35cfc429b74e26a56cd9845cdfa397cae6f767df,0
8748,b1ab27650095e510880a869270a0025f059fcf3b,0
8764,270e1e9d2e7ecdae745484722bb041763652d2c4,0
8994,8736128154ccc1e72db6b61c4f3556d652555642,1
9034,9808078bceb772e4d7868b708d4eb01b86c2a52d,1
9177,c64a75a79f921fa62312e30e3d1a5acfbe1a11cd,1
9422,2a42391cb42908b86f4cf9cc5168c2ecae8366db,0
9447,bd8e1416f4509c8023a2308fc58b2e3975afbc0d,1
9471,d367d2fda052b798a77e600765c2c0d38b9d48c6,1
9822,911ec7ce57f6d2cd15cf06004ed18f1317d16721,1
10205,6858f736b75ba26a5f7d089d1d55f4787b03b325,0
10439,ba884149d944f0809c0e519483de67fc5f2177ee,1
10796,47f287523eafe3c426c087b43711914680bf8c52,0
11042,ac517604a7271987996ad0c2be93e7082aeab5fb,1
11201,155667c21c9c4d55167bc303d79f1897f7d60428,1
11436,fbb6c937acd7460764cbfd3bb8a59e25ba342aba,0
11443,0237905d5cf92ca3cd30e000a0bd18a15529f227,0
11501,30971a889ef3fa37dbb736e0e05d8933ab16cfd7,0
11558,569eb5bd3f3310095d7fd5203062be0123be50f6,1
11675,49d00660a5adf6e5fe419227cd8b86a87a4af285,0
11736,5f26b7312c4efe82c833c6643c89d68789aac5cc,1
12162,3e690012cb8ec19026e03424cde30dbe325ecb2b,1
12780,2a0bfc23053b87b2f50cbdf0635057d4b17e409b,0
12781,73e735c47029895f18554b3ee93682cd1d961969,0
13044,1b73650cd28157a887098665beb89dfa1fb564a6,0
13053,086f933db72a63ea5d17e8340bdcba1fd19e6d29,1
13153,64eacf8927c09d161fd233416ebc174e24610dec,1
13857,5f60a64de648e30d1d0bcd5305733182369887a0,1
14197,7e6dab8374930462c26151123a9b01e6d3174618,0
14201,f5ea5476e8c7294ea1b75c8ef3ba89b9c637a2bd,0
14600,c226553df86aadd55f7929054883dd0e5875f1a6,0
14845,7ea94fe66171611e3ce2b0ead75c7fee632e1c8a,0
14919,cf56055a35ef2c22be1170755b134e4761c0c74e,1
15015,7a15b7f29f05614bb773c64ec21b3622dbcca859,1
15024,561270baef3e7c6898c3323562cea5cfe07fce81,0
15108,2767b9be23e7b35522e5f1d4b0e1933d0d708aa4,1
15162,375d8c32173f724376c9e37367c98cfa8e25dfe1,0
15245,c28803727f0d29995c7e4af98265ca7748bc47c6,1
15480,35e450e2d8d7a467442235f913a121050d223cb8,1
15544,35e1a41ab2f1a1fd6f9634811c92fe3c30c20f8b,0
15815,403dfc9b1058b2b913bfc8e9b4b90baaa93478d4,0
15884,1860c081a80ab5c1a3da02f0ce5a44cb4227e2e3,0
15896,bc7f9c273f92dc60ee57ab4d56d3b99826c04a77,0
16075,35fa2577b46b13bbc348add3dff20725a0e5ab1d,0
16153,e383c30000f7030320798159934330d3176aa397,0
16330,6b3f72e41421f7adcf8c054b373b792c6433624e,0
16379,1c5018eafff36b43d7346c9f8c416b6017706c59,0
16424,67fcb4446dd711752fcd58d2a3d40888d8409753,0
16482,bcc230a202776106d7b35f58f134a03560d9eec6,0
16678,9a84594cb7a42ee18ca9f3700a2536f1aa86a0de,1
16841,9330ba5df7fb0322930c640464da9f8fb0915545,0
17180,7ad57a8ea473d15d7115abfe36daaaf786de7624,1
17196,ec17e788f2b9cac3462bd67e466eb341d120e7a9,0
17708,599e38f9dcb673f0f356ef06819859ff711854e7,1
17735,4a416faab86429216aae9b92ec54c0c77f9e69c9,1
18470,dac418a69dc527b58e20823b96b7191dce31f0de,1
18769,b7ccc7de71b8664d758c0421b603372fcd75901d,0
18965,4e4c75e376508efa755984adafc6eb1e42e4a085,0
19000,7e5da0d02447c5f5d69ab6c2f124e240aea2f70b,0
19073,26880ff3df0c9ac03ca8870d54699caa80609562,0
19152,8a6e06bf84980025cae0750f221f46305a5d7129,0
19365,34f7c2ce86d863822517034d41c48d168f550f56,0
19372,f7e6789b51f5c909bb27c55452e089fca17d61e2,0
19649,703d95b644b9b4e9d301174b44d5afd5ce20faed,1
19709,06c20eaea5c6a022ec5124f676555595db470b6c,1
20187,4cf81dfee79429afe0de5c210fd9eac6972817a3,0
20294,ccd95f93cdc15568af306c22c90aed63fc72f75c,0
20400,f1c739060cc2aa39a8b058dc14d0cb2a7b98f78d,0
20452,66cd892108ae12edba4ff5c13909a110751c412d,0
20646,51b68ab37a6674a6828bb01c7711483ea726bdd7,0
20944,0cb774cdb718371fe487fef59cf39a4d0ac65cdc,0
22300,9ff3a949d77665f2ee350794e4969d68640afe77,0
22743,595d9f5a45b8800b5e44ad84730259c178d0dfab,1
22751,8711ecf2e6f22965c915eed66a2eb5616ba8b397,1
22885,89d0ca9c3cc51ed1c73ad91914252995111d80df,0
23014,ed5f49a2e01f85fadb765f9a8cc40b5407611484,1
23274,902cab7ed7c2ea770bd6166ffea699e0e873a741,0
23344,49430d92042b3f6169fcacac7c7b1d3dea104719,0
23412,34ce6f1ef20ae97e44e8cd3dd35e6278e4d8ec78,0
23759,eba528a5beb7258865e49b40cc00e3559cf58d4a,1
23894,cb4584e211b23460078b7c8c666438e13f591603,1
23959,740efef13a3585d21acab41fca8f4b596c37201a,1
23963,e2f97d991d7eefb9e2ba670113169d67c0da0719,1
24152,e83d83ab172de3fd03fa8790afbed081a9b45ba4,0
24175,b5d1e5c4d0bd024e4f201f40c15efb84967652be,0
24573,8949faab224e9a40586537d0c9d328dd4a671aa3,1
24771,971d5544f2b0920c78566c08c6719c9572df03a0,0
25020,145fab0483b05066b9dea320d5a6831dbede94ab,1
25041,2316d6e7814878c1428eeb7514a1e550e6fb0b7b,1
25665,52200eb27a40688f8f00dc03d26e3a9260a9e577,0
25851,f0954f6452f971d6d2cdfe22a98a43321dc7e2d0,0
26063,f9dc35e3eb21a87c46392770fa1af5c5597dda55,0
26086,cc69bacc811bb43a0113299f2fc3d34f1ebf7e34,1
26087,1bb9ed8678d5b6a67aaaf9f1c73f34ab29ed5e82,1
26187,5a647139905e9a43cf66f7b4fb9f27e01317570a,0
26480,8a089889c8f4cfacb7b339fcced040b48453ed5d,0
26695,e4a943ba5b1e9837eb70ab7852e1120788a3ce85,1
27000,de2e03ecc1c8470f6ad9b67d8808476b19ccd7f5,0
27054,55781eba95fcb39768c062a046e7c4b29ff094ff,0
27199,514728b813b824ccbb7d23e3ea840a9daebf8b1f,0
27571,d5a9ae092d81834dbf531533764cdb6167ed3bdc,1
27605,b780738a8d474d438b27a295647ea62bc3c7478b,1
27828,7862e7dec219a8cd93280b73d4bd344b3cbd0b01,1
27964,e49714020aa39866be11f943912e3c8418cc5051,0
28373,497dd0f9483678f2e5d221ed19e6e9d75ef2bd1d,0
28548,8c1147b425e4dc517a510e61ad0e1b55c9fcf830,0
28705,c9c6783c44351f792e85b8c5efcbb9275777a2a7,0
28885,6d0c13805d235824f515cde3291816eb54d77406,1
29036,a4318c455e7213b58b315aa4357268b514a53568,0
29122,ee47e8c727052b5db7bfa804161997c825ca53cc,1
29356,d8ac91e7a271d07d3f6e188575c223093efbf67d,0
29363,2f52cbdc58615145d117394b89b795156764a2f1,1
29968,252ca6502c54500226d753038974c765247a0db1,0
30006,c6f7229bc7e01c5a5de83ef8c03c391b006db332,0
30223,c895e4e14ac8ab9dc1a41acc2213c183afc7bda0,0
30242,0580055804bb5369eb0a9319bc46db8f97081d34,1
30252,d7b8a6dea86ca9a11353c1fba62543ac4704f744,0
30315,bc71d6cb5b7d70ffc4cf309244aa4cc27d7b1fdd,0
31241,2a6b68a95c714320af9b810f8fbc98ef4936cf08,0
31464,ac4f854f93ab227f9a2d204e3ac7384f2902c602,0
31482,580bde41a9aca22609d80f9acb5f0450e78f1e9f,1
31634,daa7c344fee22d4721df13be1ff7d388fa73038b,1
31944,ca8fb0a316a7c2b866f0b8e8398b86f6ddab546e,0
32005,754c7684c5eed7cbf037195a3321e10d448f26fb,1
32038,09f6273db805c37fb2d58638eb161ef5daefbcf5,0
32172,e521ee7ebdd24594e41748732ef22bfd9a5ca4e2,0
32278,af65b214b0cc490834df5015b0f8a8f87e0fd55e,0
32754,0ff9925bfa5b7125f77531968c3cb23d7c3708fe,1
32931,c0c8c51a794fa7dd23dc821f1d15a9186a7e82a5,0
33194,85f982a6f7a752ff38c1319c63bd6cd1d894473f,1
33232,d918f577ca126f39a45ac452c6cc3513babbcb14,1
33273,9b19ef4ce594d3202b8e8aece64d059fc3b9f4c9,0
33348,cd00c48ce3f57d51c80fee7434403473a247be69,0
33635,5927140cf30fa15df6e1ada8e6519e3f1eddef82,0
33922,42de57531b91ea4ae3018870a495a3651849a771,0
34208,f5a6687e49858d5817d109ac5602ad492a517b55,0
34389,1fa9628200f6c68e131ab2d152deb9fea15ce890,1
34563,29c62957836ef262bb4841e0dd697e1a9b7d23e9,0
34637,61c7fe52a166cf668fdaa644da47b5a83af681d0,0
34664,3057fa2053d9e1876a159d12bf26ae1aa5c658ed,0
34684,838fb31e7fe23bc54d3fe47fe17d2787124f34d6,0
34710,ef859000261442937834777b2d10174fcb5eb90a,0
34921,6024aea5f333b14a8b995c86fb03639c30dde635,1
34964,73f12f06ef9f02bac444b9562d96c5c9500a3863,0
35504,92b3646916ee0aefe29129e7c7ecb53542ebbb63,0
35556,7273cdd4834361381e3ef84ea4e2da11dc4cd852,0
35572,2c707b9feedcac8a37d9f9fe090aa055be0f3214,1
36662,1d795e54cce69dd9702aa7ac3779d005fdaa3eb7,0
36684,cc60daa19261cb5704e4a7a1b7ae005758cd7591,0
36691,0279f56ed30ce475b6d72efa45d8360f5a60e0d7,1
36844,7a2818c0314f3c709fb598e9eec820d13f28a9a4,1
37242,56b7c142997bed6262684b47671488c7fb06d072,1
37253,09a02e4aabad2da29f75980f6a29e24481aa648b,0
37330,582f137799e8a07c40558ef6975a713da1ef4083,0
37352,f28187e30e328fbcb49999e1d3abf276972df307,0
37654,dba32f0798b380d6121a5f746e93e546282092bb,0
37723,99b8442e8f8bf9981e7e246d8ee7f9484fe0c9ad,0
37841,32e7e606dfeb68ba84272691770a9bbc1b845d87,0
37914,a950a767e5b417e2dc3befc8168e79a28a0c9e49,0
37922,93afd09698d149358cb778711bda663309ca3d81,1
38090,dc90b9b21785b0c0a0ea3979da7657423c20638e,0
38148,9d76131c6042c2e0f82d44feca27fcad3e7234fd,0
38493,fe83d01dcd4ef3523b544344abf39cf95fa3ce4b,1
38637,90d5523ccdf9cbce245f7917c4154bfea9c64a26,1
38652,e8110fd16b75d3d7f33aea8c94a4a684d6489e0a,0
38858,07734a32e0f518f1afa3271dd892248cd2b03da7,0
38907,93a680868c3d04d939e45211b5a66f73506f6429,1
39238,48e09fbed6ed2286654c0d127fc78ecfdf1c933d,0
39455,5fd989782502525719fbf83ca91d59b2ffb56925,1
39942,601a19e78d1bf5a461ebeb1a73deab9a207087f1,0
40190,65cb100155a0b89ea391365eca7306156a2d00b8,1
40213,da459502d84f072e33a190b7cfb1b06fda819b4a,0
40414,3dfec90da3b8a908bc5bb42ddec3245ec8f1ed15,1
40431,32c9d5fa6a5c21ab54a7e37714cb337feceff844,0
40766,c13b09db35f7b06f663b68bc37f007b73495f778,0
40825,e94202d97dc058049517b99f11f66100600322f7,0
40938,7b569269e9220940849c70838735173f04a21e23,1
40973,bf3273690831d979c3c0a8ecbe09bb2f6f073fc8,1
41000,308d7cfc1393551ac69eaf10a4214d0cbceff360,1
41002,8242c076467efc530226bcc23dc8cc276e9e7139,1
41100,d27ff55d964953513956ed971fda880348da98a1,1
41127,a6d8bd8e13ad73c7c19aa59cbb25fd0e928bb800,0
41456,dc42a9108301ebcfa83d9ad815a9f99ec8ac7916,1
41465,28d792fbc4cee63831305019a04377a79b42d1ea,1
41767,39190417f274d7d37604c479c706052a6fc9b6d7,1
41771,b3fc222acd175fb3f262ad01c3b0962ae5a3bf22,1
42094,778e59c6bf78699647dfa2c7c21a80faf970e9bd,0
42156,3522df44eb1d37f3134e5d07031910731e4248c3,1
42548,f7d0fa564c7a98acc45038437fa7c7eb16adf13e,0
42616,4f175e61f902a0db2cac7bb27957065e081be8ca,1
42733,0e246be9ea533aaa51fc06c09105a9a72b74fc30,0
42746,ae2684392353844449a84873baa72c5e724606ba,0
42932,f046f4a6d6fe34ee5f389c35647ee81b21d51bba,1
42970,e0e92e943badea50edb16ca4be11766faa4e18b1,0
43167,a89c0781f112147bec9dc03fbc24645a67e0b4cc,0
43316,2944cc4fc75b79bb50df8107a966384f9c8de2fc,0
43430,446f3668518d05df6a1d37458e9d7a73259e45e7,0
44065,acdfe0cc6c4d8e7fe66457d9010e218c2f757a3c,0
44237,cf323c78a2d01d0de9f05644fc0ee8a06da11ee1,1
44267,28f38c0a994458e52db697e2310720113acb5564,1
44303,251ed33f6176f808b7da7fea39b2cdb9c6d94e4a,1
44413,fbfe84e70c16ded8133a02f6f8b58afe12bb1cbf,0
44468,e77990e383d971e27afaa3caedf88e50d927a738,1
44996,1bd7d6b4df8dc8d77ec3e4a0642558fb264e1c34,0
45166,f30fd0da4966d9d3e46e43ea39b7b6863c6c8b0e,0
45324,4ba09e5face95db8abce9b697c97f353a708d6c4,1
45360,0f15a06193ca47c787d204be93246b864beb6736,0
45417,056d5314c17ecd605fafadae96f6800be2fb7b75,0
45704,1710b6933e812ad546d06c5197b43deb72c0ad18,0
45939,87472dfc88bdb3d0dfa50da0c123790447b8ac93,1
46092,3060a61a5a848140b52ce315a56eaadb7c9f3e29,0
46169,9b71b80eeae3a032880afd24583f504fdf7a09dc,0
46232,a1356bc037d077635e18c0f726c149192a43d2c1,0
46290,5897cebd8204f4dc34cf7da21797a6719060723f,0
46869,26930433c8114abb5d500a573be3e673b99f479a,0
46959,896c9edfedc78c32c37476e9004d0c8f93edce84,0
47066,c8c7ba484df19861066f6d8e8d80bef4d25976c9,1
47417,94bee36ea32eadbe36737ffa7df00d9dc83bab14,1
47742,9573f7851aa1d616d23d6887f4972f5e8f82400b,0
47785,8b9c8d6a66605cbfc42fd8d5ee406cd0ea356b10,1
47789,b9d1781c13b46e45167a9246456744d8ebb36e0e,0
48149,b87c726ada8879d385db98f2f9f180d7d05dae37,0
48401,b1fb64a131ecc6702322f05a41ebd3c56ff8447b,1
48635,18cf3dd3336da528c9610b16e9a7e6f60fed2ef6,1
48817,408d9579d81d23d69501a3ba679b79af90c101e2,0
49061,7d92b72d9d357f29fc959fe96c32f65f9c142d34,0
49234,3f796f64b54f01e2e515c3aa10967d1df76473e5,0
49301,bad52510166b21510db28d6054433241de3096f8,0
49500,6eeb8f214bc9169bc441db40b1e13cd6c4a154f4,0
49503,4aa5ad31af609e03babd73e51e0bf1dcd63bdee8,1
49872,c3fb5b0b9dfb6a8577ccd56a195c26ce79240dfe,1
50035,e09ed47d03989ae48ab11f928e6799791aaf32af,0
50214,673940d87c154b610d1ca44124ad422b3800e2ce,1
50263,25ab0d399b72a4a75ae33de76e2e08dd515312ad,1
50267,056d772afd655914a72c67228c641d819de50aec,0
50338,1caa384a013f1ca2ed11de81ca761d80510cc3e6,1
50709,3547396a7c51418e4adc38f1f422c419c4c59e59,0
50730,ba6c874e79c16b44ad00180a50adfae1a89a5bc7,0
50946,56a58a3cf3622353c0dddbdc875e5e36f8a0bb09,1
51152,058fcd2db91503cb83fb27c09a1a608d1bdd2df2,0
51608,29a3411400851d051eb4ebd016c78a53c5b06205,0
51985,aa4f56fde7e9637b5e92f2c53e203527425e9137,0
52205,964fe13d36897311a15f3813bb0de33ce89ac0d5,1
52211,ec01dbdfea6b868eaec4a4ad3864aa801888a459,0
52408,d230fb9f7fcf4cdeefd89e11f380cedace5f0607,0
52572,12850efff81152e93c066107f0216c872a6ce0f2,0
52682,eeffd6900a97337ee5159698cf94c4effbef6b5e,1
52736,cf6fc5983d255071a980e2559ab884966e075b8e,0
52897,691d3b2f377608ff56fbbd1a131f4febd00bea00,1
53631,ea9ce4979ba4317ab92192e0b649af1dc64fc676,0
53976,21b6c39b96dfed9d23ff57a00cb2265eec6f8daa,0
54117,1c8c47786aeff243fc5ae01385ccc859229ef654,1
54144,162023c741e0ff566495021c23e361bd9e79b38f,0
54417,4bdf206bf1e83f3836a3ebbe25c9f0695d7f0840,0
54482,375b7c9d4f0f16b8ecdb5cc28153a2ada08988dc,1
54578,f8b9ece263883cc3a6c03f6785d9dce897ea099d,0
54613,226232b8d098e1fab8594601f2a01dd1e8e9898b,0
54777,9f037b31fec98dd1bc09932dd68508d3e15dc46d,0
54910,afa6ccdaa3e7e7aad93cd754d8171006a5a7914a,1
54985,51397dac313e6e220f839531785fa3dfa29f5e66,0
55007,7e58228ddecde13a4f1717c90e21d5cac276c978,0
55040,a4152e7ab27d954d82030acd1f2fd4f678a81d43,1
55084,6949c0f43be33f1372ee0d32729641e31ea15e03,1
55113,df83ee5d29570ced8fe275b5a86b053f17bc31fd,0
55201,bde0cbc1d91ed2956d99fe1a1bc8ae2fe13645d8,0
55275,ce3788e1077d38107af68d7491ed5ada2755aad9,0
55295,0a14dc6e1cf1d5ad1e77c17df0e7763e839d51e7,0
55376,89c7d5f9f8f705e4ba112e2041048c7ae4369f88,0
55751,8a3dc37a8de6fdc353ff231115e8339e5fc75ece,0
55767,6413179f91f2d6532b260d040267412ef41fe4ee,0
55877,2ab110824c4b8b7e7ba50184400b9d1377231fef,1
56070,14d45b18dc9ed23797c11b211267f71a52a6305f,1
56073,1ba0ba0a4eac876f7e857f828d5fe4f95b684d34,1
56703,e6e60dc5ac2c7e5f93656586a0c9d92510d5acbd,0
56736,37135a879cc049bad004a7307f10545b530a8005,0
56801,839af4a24857657b945c806aaf8ea1b9bd1b0f1c,1
57130,2ccadfb96f554d78b36cfa1776696f698254b634,0
57394,1d3feeb612aac5b4404dc3db508db963ce5a6ca8,0
57478,7a754261732976a8f8d32f862d1665f9ffa87993,0
57734,1ce930413d3c2e9414b35d47cb6f8ec32a458e86,0
57805,154bd1422335b8cb1f8ffedf8aa0ef9e4f1e6008,1
58481,b417aba97deb944653667aed3044fa8e4564cc70,1
58546,d8e5aa6293495e04c7b0c0bde2b70811b4de0541,1
58725,c5a913faa56dfc8be479a616ec049caf78df165c,1
58771,f8155c97892aff2dc3ef479a5c4e4b34ae9d9387,1
58848,e7285af113ab0f7da264b31c7fc15a41e4d45820,0
59146,6c1893d1a74e6c8b862d9c435ead0744221a8114,0
59151,1f1ecdd73b411812133b596e806daae5a02ffc75,1
59195,09dd6b6b4b1c6576ace2621dd26c66e83ca4f362,0
59303,a4af91ecd42bb5bd6e8ddcac8911871f9dab4b21,0
59439,8eb8867886acf22ff8b8c79194623709fa94f89f,1
59986,1b821cc01eab99368dc920b5ccf97a8d912c92c2,0
60410,a69d111764bfe71467bd484e86cf089ecd45996b,0
60642,18229057967afa34f76bcf2208aec232138f79ad,1
60734,5b1105901c0721eee29b83264d1c51a2c0842410,1
60814,979cabc3d7688ef84716acc36b7a885486a637c7,0
60835,b2002923ff368fe16af3a4cc24cbf432f294de8a,0
61112,ef951e88f3faf86cc4f70e15d17f1b7531074538,1
61901,fb748261cce3ecf1fa98c2c47c850a8eec59e5a2,0
62154,a507750b3a9158274e2a1aaa18b7709585e5aa2f,1
62461,80e1d37763350258bcf08dee03a978648dd77b40,1
62466,b302066806ea5749f90a3104ae78b965a8218c85,0
62631,74e1be124c154f776fc72e351cd8c02aafe50a6d,1
62823,c19c5673d250d781cb146d41c63f8366e4d82f19,0
63035,88e52878ff259c9f0be0e130a3b9f5598fa59482,1
63132,84c4a4bbe524a7286a37b5a9b30b92852b6fc016,1
63163,589a68c1d98d17ea5323ba7d1b964ee06634a3e6,0
63234,cc59c83945371a9c85519fa8ac5422d355d97282,1
63251,54139cf14829e3180d8d9869c3dbbb9266b11f12,1
63269,19509e8142b76b0245ae1d0636c89c861dac8ef9,0
63469,94088976ad0f8ad3244ecc8a6872b79009d275ea,0
63508,6e550b82490c5aa9901c7336635229a86ff6b312,1
63633,1294df443864e50d92c8eac6c1da5474fa1f6adf,1
63673,84d18003db5c9e1e4f1032380e993e43b952df55,0
63914,c0d5de47ce1a10c341e40c659c851545051b1803,0
63969,c44d93d899d35098d119db2e119b103f24930486,0
63976,cb63425d7e38799ebb37824d2bdae04c632be16d,1
64149,a65242837f0b081dad2ae473348d488346f56e7e,1
64431,6c9a2af260111fc17032ad83c34625bfe6ec0557,1
65001,b12571bc35efcafb4146049c6d68f9d0bc2a1d1d,0
65115,a5ac4ed3945cdf5868b2286aeaf4d3103d7aee5b,1
65117,0b2eaa944388137b87544fa431c147d014f88dae,0
66143,48e29998c9c0b57b63c2396f61fb4f4b5db92652,0
66171,cebed5af67a43acb3c1d697b73ef4a7f1c2332e3,0
66203,d212ae2d1a693d89464d3d12dd7973fb86c6d346,0
66457,1758091ab4283d13e92252aa03b572f43ac74047,1
66465,ed352f462c4e4d4be7d2fa8a565f56474de82945,1
66780,8530c57cc4f98dd9beba864a4e30160b3b708649,0
66876,b7d525adf8da7bed4d3175574a7b4b6f15cb5880,1
66911,2ad875800944e3380b7c23d4cd8aaeea70fbd72e,0
67106,8b14c09e8d1f56baa4a2c19571d4966ddf0c7478,1
67520,34e2700854bcdb3800199d93b8e5d7a09fa417f6,0
67522,698f800bf846da62326525cd46a3313735ec1f87,0
67527,87ec7b24e1d5cc0ef626e4f72a6777f1989624bd,0
67560,11ae627bb51dfd963900843989201bdd34bfcf76,1
67692,111c5d2cc2ddfaa6871643b88eb3c5b05f8564d0,0
67748,7c2c70c4377a10be4ffa01b48038734c1841b5a7,0
67779,256d2c2002e16c16544ab19a3dc9761a8bf16d76,1
67858,6fbd8aa590338183f9a82bed0ea0c2fa0ef6d04b,1
67873,e9e90265de88f2d502c5a43e78409b15cccd9e71,1
68316,1f6f05a02543708f6afb50c718b8b48dcc307de0,1
68542,73a5aebea2a8ac12c643b1a39b4b23ac658201ef,1
68587,d2a18249957f3023944bce00918d069bc287d52e,0
68751,c1ad5e76c4bba33003c892ee0078400d8cecf2df,1
68762,ba02524d0a51415e6bfdca8333ba1e13dd636502,0
69040,132e73c5d02660ce423bca402807a82d23362275,1
69388,35b04c1fdee62590e669632aced1f3d953d9cc0c,1
70006,40a19a594da3643438399972c7b2866dfa41dbb9,0
70022,08dc48ac0697ed103f1d8a2564481326fb738798,0
70086,c2d7f14f6dc781450887d7e8c4e72919a15f0f6f,0
70197,849aa4106488e10cfb463f8c8d36e8ad4a527114,0
70406,1fe790f7d6ed4de3d4fe7cf8637e6a2b1ad4dc0b,1
70696,81bfd118680492e23a0b30c048b6564aa56aef2e,1
70723,57f097781e7b24a21186d21de5c0299af8fb260f,1
70724,8229fa54a6ba0fac7df5a24413e9b7b627ec5868,0
70813,44f4a47ac3f27e6220fc6c238566813c16589793,1
70999,ca85ad323ae25b79044f4623247e513a04c90a96,1
71093,4541bd86b5a6b5c89629559d0025fdd8abf2eb3c,0
71381,55bf5900ac84f1a10e244c267e2f93631d2f7c6b,0
71755,102337b60fd82fd5fa8ba590ea98f86cf7317e5f,0
71975,b4589862cd59214330ca6094f52b2a87306a2a20,1
72692,5ed16b5b313e48aee01f4fb49f1ecbfd71dce0d0,0
72800,07505382997bdf4d415c7a02bdd2ae89b123222a,0
72998,40b6b98f389413ba5ca0c5394924eec47367fa0a,1
73250,a9eb4def35d61c716a9cb9d1d10379962d0fe2c1,1
73286,bba80659205af62becf1f618099ca5a8d922a068,1
73456,f8f7ba4198a199e92ed075254784d993879a2f55,0
73470,2cce6d626959abbc0b38c4188ea1ea47131fbc3e,0
74126,d3d98ce04945127ab0753ed52808c6874028b825,0
74291,723203d3e0d18836eda78b8f2264f0829fee831c,0
75008,ff1221ca3227bb350b33537b3573c5d34744f77e,0
75019,db8e1b7ef79ab18cb7fa1ed891a99ddda6e8cf68,1
75374,7eaa4d84207c70536e0a67eab6c5dc24eed19ecf,0
75377,ba7293fdc0d5d7afe01cf4d898e9e1d5cca3d772,0
75783,17f12b7ee079008315b213968727d74066363354,1
75905,932dbcb4454749b1c895383077965d23563e21fb,0
76325,6e5bf25f1af49695dd44eedfabe95f1ebb5a476a,0
76583,ff1081b4ada0288b62c5aafa35cea9855c1cf156,0
76661,cdbba8b9972933a5332cd8a15c121f2a4fc300e8,0
76728,8d3276ef4818626f37f42580404cb41845b7f762,1
76753,382c769896e7009a6d813c936e23b7e334c260f3,0
76838,f7e176cc039e4de075a828ae6b0f224a40642037,0
76840,90e8f708d1acf8dfb40a8369321e255bae67b1e6,0
77169,f8f7d1937074f10b5a89fe89befd50ac97db7d00,0
77182,a23d1496abb59c84d61a34d6586d523d4c54196e,0
77531,05df9cdb43ce5708d289697e211970915f884738,1
77573,76fe244071e3bf6941684878202582444706b3c2,1
77680,906576e847031e56fd20bc74071d46599c7c0e5c,0
77711,49e215ddcc39556679782815de27f44e143a44cd,0
77815,8882349ff2759d0103155b1777331346a28cde55,1
77876,e3aad9a38a1753824c21b978be7e1b9e2b5e66a6,1
77881,30688526be5b71655283c98e2a14c25cb1fcd2cd,0
77902,3d657b3fc75e9555632b5f94ef1a171da44d33f9,0
77930,42089a1b4543b676b6253ea5e519db9e10ac9cf4,0
77979,c82073ff08244a51705290332b39b1805552a5aa,0
77982,9aeca07106b3d345d8d790b73106dbfba59cbbc9,0
78012,89e8bca9f20234128b1fb6fb8ad77242918df4d7,1
78118,f7d5a57f30865d51efe064b0f30f37217113ad59,0
78189,0f34fd7c99bfdae77462db19735e7bea694995f3,0
78191,cca50b0132be152d7affab198d8eb0e1c0f6b4a1,1
78241,0aadd2c6c06135130e2cc47d9737ff7005c802b4,0
78362,f9812140a8fab0ad846fd9773decaad9b2dc17d7,0
78426,e35d91c0db1b6d9f8f1ba46a4b2668c781b29c96,1
78580,f2a216b019d73953586db3574fce2c3e7bbe3755,1
78615,e796496d20ce02cb120bcd4b582fec91dd508a7e,0
78736,0b487427e75985ef61b317058fdb8e1a9ebb8c0e,1
78745,f23284441cc4d5e769a54c1001c6c93646d3c0ec,0
78772,721bdc5d3d73297d681e83e72db0f09c0ccce159,0
78923,902c7d5551270dade4f762f925ea5792b546f9b9,1
78940,8060861a88ae0e6741871e348831b85770fc2054,1
79177,bcd4a60e1755bf6eb0a63f868d4ce6c5f555ef63,0
79239,e2f75f86b033691c529d2ce7495aefc637fdb771,0
79255,c51046d3d3c4bd4ccd774841a8b426fcfbad4317,0
79529,060acc6fb98b2565bac4ce3eebe2ff41a371b06c,0
79764,dddf39528b549089b802da7d576332f235404828,1
79788,5b13624506308a28399e0e8e2389e5d38ce46b33,0
80652,5c4131ad72bdd18a17406cfe8522346e2f1cda80,0
81110,6b3171e989fdb24f3c002cdac005d9129baaa3d4,1
81433,e1524143a53860da8acf355b83835c209dc19e1d,0
81497,78d49f34e6f54459f1e736eb8efb4eb5e107c4fc,1
81654,62525b9bc6588bdc28ed5bd0f2425765e5445494,0
82099,a43df3a9f4ccf9c32c88079af4e46312e2d3b406,1
82168,e1924cff9d5264b1b316901762927350d97d55fb,0
82280,80760cd488c748d5f4194a11ec864513340e4e70,1
82564,73f011cf12495bba91f3e9b4d866a4519d1efa73,0
82871,4dc1fe280c039e57741ca09418c1fd282f98c179,0
83025,2566262c363b1077c49a8199e27c7058a7c5e585,1
83034,680ea90531b61cc4c065b94aeb457340020d2653,1
83130,9b53461b7c6456b4c2d1a56e57f18e59cdef8b1b,1
83429,f7cf390a13232a2b9415af9110f114f0237913c1,0
83504,b5bb9cb76ce259ccbb139a875490a4f92971368e,0
83518,d887b961650d1e8be951e29d9e04cb288ba7df0b,0
83556,0d9ad06ec0ebfc1af59e6f8744eb1b9870079b61,0
83840,0b4141f9cf7b6ef3a45d429e5da94791e0b70f8e,1
83953,0b3150cf4e24f67595b6ca08824209167681c3d2,1
83988,9dc7c811c5c6b5fdabb1917009e6bac6bc8e421e,0
84056,15c6ab60503e8350138870e8b35e87420bc8e088,0
84210,f7404c517ceb1d1ebcbe64f2ad18aa72dbf346a3,0
84223,0fe02c1e08d2b92e5aa71c26cb8e02a5b57205b1,0
84694,d0801301d66a7b266c69257aaace68452ffa909b,1
84787,809c943a104c93d2a762ba96bbc087d2cb8062a4,1
84866,aeef35697f069c67f5b92b1329771972ae5c0c1b,0
84949,87fce6d1628f33b0586177a4e1e22feedab62b83,0
85203,a8eb7569dd73d16373b146aa1a43e89e98978fff,1
85257,b4b83323fc42740eea4d3ada6cfafc14673f332f,0
85398,df4c6f7985101e50f8255a9e0a0e9db70339ad2a,0
85976,8b1fc2d797b7a92b6f5e3223577c389beb568eae,0
86037,e6eaa95cd6255e48f2ab4009b2fe8e5341d4dfb0,0
86053,623697a6bcbf22a8fb7f9cf1f15ed6f0d6a76edb,1
86268,e858be46b0584a6e40a0ee9621e70459c1b435ca,1
86430,0c9902359ca0eaaacf96f86f0d4d2ec55c2e0210,0
86537,a4fece6e59dff54cd5d73ada319291841d91df8a,1
86657,8001cb2432b9a77f1b2444244ab496247b2a8ee9,0
87051,c1a466f5fd8bc8a648aafe67b2f4a1f99c59aa25,1
87079,b283a056b5b798a5bfce21cf4c1e55d37195bcee,0
87787,d7c08c46fc3fc00668108022b85c008d8902ad23,1
87797,f6739c434a389b0ed8cc4eb144ec3ced487739f4,1
87902,42701f1e6bac9468050ca9576c0634ba0fe81d4c,0
87967,137adbc51fa6e5d6029dc367016cc1963a243f68,0
88333,a48b649fec8e66e61819760e5db48d66aac7b5ad,0
88377,a475ffeef233d60ededd1f00e602d33a4ab51346,1
88558,96107dee98dec2164c2ba00bada52f5e5d85a738,0
88756,0c3629216d981dcf9b33c55480c74b9146b9a8af,1
88758,d74ea6715300ad7ea1ba626db1c1f7ad45fe1f0d,0
88788,5d26abda136aafe639512da174fe92cadd1aada6,0
88836,35bdca621cecb500c3d5ffd6a37f218ab0765453,0
88977,c001ed7298bdfa41fdbe52e52637ef0e55932fea,0
89037,7acf95378856b563314072c42761e95dc230610d,0
89057,2bd84ecb3c84dd22531451b08460f41a99267a88,0
89923,dfae2b99250b14b0bb85df8486793fd0650a4e9f,0
91048,6c69b7d7a43be2e7a355649d00b05c768305562d,1
91058,452faaf80a86de0e7db3dc6b8b639f50ddffbf46,0
91357,84e8533663378249e2efc4f6cf2c13bb9bd0731d,1
91569,0a61b96b0da3610ced1625ca13bd009c09e4b796,0
91573,13fc74afdd877c48a56b5121b59c1235f057263b,0
91793,fe2fb4ecbabca35a5df0cf5ee89327e2bb781283,0
92247,956e4bc0b7fa675b7d4afe11b1ec97554825c5be,1
92410,0ea8d30c246a1c8866968c1613d20bd4941254c9,1
93045,ed2fbd98c6bd7f7f58464f5f4f8365710f8fd3ae,0
93144,f0ed47ffcdd0dd6b0fa78e3ac380770add0e34a0,1
93950,3225f9160fcd37ded3bc1b1a3413117782a29db1,0
94092,913f7bf94c9f18ad4eed85f6483afbf9725330a9,1
94134,eae5a2e5dbb9b39b05f1f191d83c691d0e2e9875,0
94156,26201d34bd3d1cf50297af15da0c3f549256a6f7,0
94536,d9489c2056501455a5e659fa39657d67c14af87c,0
94537,fe8681a614e9222dd4c82b0932c4fabc7fbb8f14,0
94947,2fd68d8581524061fa309a47b9cf92b0dc195e9e,1
95174,565a993f374160cec6eb2a909ed5688a3f5f457b,0
95241,102a8d9e691e19a3fcbfb05c12ef2ab605485c86,1
95356,03b44a78f879911258e2797a35e5cfdc42e4f6bc,1
95386,524a607418e6f3826c41b7c2581e1d7da73e29d2,1
95389,5c2f3c1e77753c29cd74d01d6f27f55250b16454,1
95510,606e02ca83d4e836ce5faf1549bf58e5584e5b78,0
95543,c8beadcff061e49dbe427cdb6e4467cc6675e0e9,1
95583,0c37532a3e7b050c7ec857f7dc867fe34b493448,0
95608,d9bb31f9cbf5079863e349ef88fe70adde48c874,0
95623,9284bfd289fa34d0baa1449a02f499225fde9302,1
95649,d6bd46f61582ba0d93b8926228d2e18a8232b1fb,1
95702,ddd78a16083ac7c681320e948a4c075cb2c44259,0
95736,3d6c7f2a2485a75879dcb8b7b80bee98925bfa3b,0
96005,5746c6818738e3efe84e934eec037a459302c1bc,1
96103,458e09a39afdea59797fa0a3461c47a812e3ea65,0
96112,81c19d044d41be790ee13e927c0581971c7f4c49,1
96300,5d40080af6ec37e8be7b5757102a03b83a6e2b09,0
96431,ffb6cf13f877dc95419a2fd4877989c2eb4707d4,0
96453,280cd215230803c91dde092a6033327f6f7197cc,0
96597,12a783a44bac4fe38a3c72ee22655eddd8285955,0
97109,f1dc798f672f911e69f28b3d0c3e6c3a99250c34,0
97254,f97fd135b4f7e1e0c415be3e483128490f464d33,1
97269,4eb88cc98a7c2dd5abde90f2067691e85c4a301b,0
97332,f1b5d736e19ea870b5e5c9e58005550172361ac5,0
98012,7c754aa0b0fb454395f806d940fb59d98e05788f,0
98277,4d4194855ea30ac6e4124f19b4492c7ed8d83643,0
98324,7e8f6ac4d1b02dfdaef1850e92531cb8f4026ff0,0
98578,90b3bca6c5dd2888a2ed05644b0df0c713d713b4,0
98949,4806aa1487de3d3e358546d8b9c47b5fd84d5fc5,1
98986,1f1f03f0d95e1c11d3136f3edb68db3aa0b64bde,0
99402,e6f5e00f6340836797a5d918cff88d4a1a9e6256,0
99411,ad865d2faed3ed2a151ee2b0b4099337060b6e69,1
99479,b8f63b97b62882d4b29ef0711538bfee7b5a7f71,1
100115,f5dad1e538435af0a2d0249db3a2c4a86d1da434,0
100276,1f1d4365e50f00fd0ce86d81d3d53ea6ff9043b7,0
100322,24a2bc821a4d3d1a09ac8b98ced5401c751872eb,0
100489,1e09ae29d2c51b2f87f656096f7fc97744a579ee,0
100494,597333a1e7e8e1b0e0f6c6f35efd4f850506574c,0
100717,9222e7703461f4397d56c53e930a7a9b0ded3ac6,1
101126,5b7f58e23b95edcd96ef05c56032c3251d937c02,0
101305,4b96e40cd1355da7b514d6a4357b075f14bf1b40,0
101318,595ee95c64f77da003f5c7b43b7d6efb29204297,1
101591,b0cb168930a4854e036d4f001fc3e0abb06cad11,1
101804,03ad560d9b1810b569ce6df0e0222f54fa96e884,0
102270,4791a1423579078ba390c79ea5431524d9c4f3fa,1
102486,68d9b2120747ad420189468ef632d1eeb4047b23,0
102868,b60e6803cd7d62e783ba72795b0326766550227a,1
103008,12c2025b7fd678a65d1bfb0f6ad255f5be5da0d5,0
103116,5de9184b3b7fbb84a87c8164e5a7e3c916074b1d,0
103160,4a7783ccc56b41b8e76dd7dcb64a2b58e14d8268,0
103189,6b3d2d579e623901b49003dc0627a25a4d51ed2f,1
103739,bbcd21986cefc187f5642106eb76f4da3c18a3ff,0
104139,cad4a942a23da30694bf3b2a8bb9cc2bbb2a2e2d,0
104551,5071680ca47d1720f037ff0ea3d6fa81af1198b2,0
104580,b80f380f6ce04109fe123585690f90829f665f0e,0
104599,43ef1ddfafdb04683c9aa5e8effd475263162ab1,0
104660,04a3bd6690e97e110f4428a427d5ca42a6af1682,0
104848,9b8c204affd560f1590d08c14b5a4d830d42e210,0
104948,ce182af8963cb2782e095079f08bafead1650876,0
105074,d938a5f03f70e7b707cd4def6d9e301f05705ef6,1
105275,ba75c89dc472c3ec2ee59c59b7c791ba8fbc6663,1
105288,8ea63e78f55508757ebe04d5bdfd6073462d44c6,0
105364,59433794a874ea313b5ce7f6538f0ca8152605dc,0
105499,783944c45d425a95e90fa98a571789cba7aaccaa,1
106116,97d312b31183193fc94b7206f48c365f616e33fe,0
106573,838025575ecbf23b19dded773eca9f2fea5bf7ac,1
106658,9bc0f11b4612c6d8df5f96b63fa802b804acafa5,1
106757,20bd9440974a9bb30095ef6c58a4554bb03b7042,0
106830,4c3e1484601b0f964e0b5d454fc3d7d5a40deb3c,0
106854,4d03dcffd1721df8f5c64327e724015fdee8a55d,0
107130,5010f2beaa788fdebb78a3435f6087d7e288fc3d,0
107476,9626f5ecef20749cc4e15f10ab3f4f22884253d2,0
107587,45beebe9248b0d6b525e38bd029d8dd5568ea30d,0
107674,fc948ab38e56c4db8a17ab42be6f19e20b39c9dd,0
107702,3343b2a3b3dca929e5dc94dea37853f320d62602,0
107987,943342cd5133e5ff570c57ed8783cdda36ba799d,0
108768,e5fb8a5e385f7b9599cafc1daa2db6b4611d53c4,1
108871,79f9609d806798a15411b8f4568f7fb799eda2b6,1
108876,ae7350afb4bbe7cd14e9ba06a33aa186f980ff65,1
109361,66a8b65b93812ecbf12cf4ecfcea19566ae397ab,1
109436,d4c71c65e99f309966f1ba80470edd8392374314,1
109813,b99663ee7ac8702418faf0e506c5c02cfcafbe7d,0
110269,bb1ef320f76139bf95191fc096a5710e25e39971,1
110466,de7f895d7954ef2fe11648e16cdacb4cb44a6d4f,0
110547,8e86bc69aaf4e99311b0bc6d5d2333f1860df9dc,0
110844,460c6ddc8e658766e25b84b49bdc5fbe06a80717,0
110888,8cf60354fa8131e0b34dc84885f4856328b0f181,0
110902,9912503ddd6541e71035b4788d5131fba3f37db2,0
110931,a1a83ea5ce6629ba9cfcbe032ec7bda13e5dbf77,0
111200,76d2acc4433e00750516909216bc4586ba459329,0
111312,6ed17fb9ad89b23762fa92c0a18a5eaf0b620d6f,1
111522,f5a7bef552474e746a20c2a231bb558ff9d8b2a6,0
111569,ab4b072e60086a20871441653d85362e0709d865,1
111729,8a7941745e01b9326d222954d897cb205443b9c5,1
112259,1287fdc61afb237bbdf6ca920f6ba9396524133d,1
112480,1533434204f61b1a455ae83d251b230513062cab,1
112551,cb60820c52ba15e4fa1e94e501440d7017f101d7,1
112608,6e1bf9163cc9bb5195d90525f80ab97394c3af07,0
112761,831fe91efebee8362645d433c813e38d786ed885,0
112772,a128ef2a7db30f37cfcdda5ab920e12e95f780ba,0
112791,a43beae5173ec3089d58e9984f77e68c25c3bc69,0
112880,8aae59c2e819a82cafd062cdcc255451951366ed,0
112908,874bd708f8baec0c3d60633a682349b3b8fc2eab,0
112913,cfee261ead303a807304877eeb0c2e7838c2fba6,0
113023,8d2709f6f575c9fbb3696137d63be6cec42f4dc8,0
113196,3426b466b75113446b94c084920bf5f20bc6ebdf,1
113496,ced81fc003c3e060937c9438c15acfc829b26cbb,1
113811,ad7fd8588de5aebfd80e32d9b4f9f05cb7a34a51,0
114190,6fab1dc054ef312b976a328383aa217ed9f72ec3,0
114525,42cd3e28f9f0d3e04c7f1bd29dd3d8cdc5176cb3,1
115005,96c91d57d2e21b3fa68a73089d3c317cd09b95fa,0
115100,23b4a11bbb251b5f72090923699d4da5ee411480,0
115129,1a0e3eba537f57455f2e171a5c269ae7cee6816b,0
115197,dfbc63cc3e864ec46de5ee555a5719f94bf647c2,0
115271,5918077f359f4e34f3be9ccfa27f181e74fe58ab,1
115363,1761ff0566877d96e6a46d6c1da8732529fc9c0e,0
115471,f44b67673215aed141da3465d082f2e88f2cdd06,0
115489,9398761f751bc78c206bfa4f71d5857786ef4730,0
115521,cdc25ca986fedfbe7f2220fe19f31a4d8573935f,1
115631,08fc19717ba7a31704309dd2b3e34561754edb35,1
115677,2701c50309265d9dccc2f2ad6cb9f62c6a6a412f,0
115732,e937d7769e0b11d8a008e216f4c1734d6a8c7dd3,0
115781,42816742db1f9c6be11975c1aa89f4cdae95a77d,1
115804,35d287ceb933c16ee7e4cdcbe55921a5d8b4c326,0
115903,c74d61a53785789e6b67c7d27a49f4ececedc00f,0
116182,1f7071fd5749240decb075feadb3a9992399ea19,0
116341,1c8eb90bcb4c523ec23b9ec816f9efc48f6aee01,1
116470,eb82eb219cb6c6202698ebc26038ce5dd3e3baa4,0
116550,65da33b2d3576082fb51310fb13b53ea992a5e6e,1
116577,35e5b72d2448f8e460145c3d383a951bb082df76,1
116624,a38ffd6cef2cdf71b0e85c4c42e71f0c742bc1e6,0
116950,ba5bb67a03add575bb6ccad920031ad139b35444,0
116953,9df6795d95b9e15a94f0026dcc363bb7baecede6,0
117284,181bdcb5c74558fc7dfaed43853fef4999624ab3,0
117360,f05f66908ec6cf5dd0513601facb80000aaca8e7,1
117364,27977f118cd274188a29ed9c37503465acc14e29,0
117445,4103e52ba1664b8c67c2b67d30674a78789bfcbc,0
117760,400a93480d2e6fc68e31f1fee91d85f5bd40ccbf,0
118329,e1b6e69b6d0452b0a2ba8eea3d46f4a79797c990,0
118371,827615c6c759cdb537cd1032422255119af1d7bc,0
118510,8cbbc69402434b1bbb6bfb78f6fae83fe5acf6ad,0
118546,1cdc0d449bb93708b11bb0ed5294568dd21f0dac,1
118744,909eba6420cc2040d700e8eb64a2e9b5ffe1928b,1
119083,35a4f2f3cb895c62481dfa08d1ecf6a927338067,0
119268,74655df44555e199c45c15c0637db461e0505959,0
119322,f735c2616033470e4bfbb2c0778b74ef273392f8,0
119484,dac91c74c62a747094e6750ad8896814d4381372,1
119682,a22497ff3bb2d1281e711c0da5884490eed09112,1
120050,c4afe63e6b301d10c8a4a2284ff0a4ff92f24ad2,0
120236,724a86e020baf17af029cdcb40ca9dbadba6ebbe,0
120445,b9732d7cc00c881b83acdd3a569c4554a8a1a8a2,1
120446,5897650d921423506f86cb3c897526102abcd8c2,0
120994,c92186203edbc3c6e22f48232803771d4a05bf75,1
121008,aed7a4745154139d11870001c31b8da97f3e0a5e,0
121212,a5090e83c89d84e180baec29815ebf377885abda,1
121243,ca6a28a81a16e8c3d03e57840ef978337db355f9,0
121347,86b9347e4aa3445e962fb6bf2f8b5ee9f32be44a,0
121412,bba7c5f3d010c0306e2aec1a6b7a839ae5b12373,0
121483,cce740c87d3fb6758f17a0eb2ab08cf9bc1ab17c,1
121532,96fe9911024044c018410fd5ea5e933a8eaad1a2,1
121584,7cad68ae988bb91d710cbc154e52b064a0a633e7,0
121821,0d44fa95a740592ff4a4e4ace7faa8f5086b6866,0
121863,52d70a3356a2f37c7ac743d2fea34b818723d3f6,1
121957,de51676065d6b7b7acf2f174611b0ba7d8a7bf64,1
122053,ce92a51bd5b525e4ba90296e1599ec7491f2b6d2,1
122333,19d154b73a8087e9b1aa1130be5615351c23a917,1
122422,89dd1c4b6a55c319c00959277b41bef899a02a99,0
122468,f9a218aa419672dd5670da930f03f0dd1774237a,0
122614,3e12a23b82617b12644d8bc505e60e5481c3d1fa,0
122767,988dc30bf2ffe0d08b862333f5a7de8621ebabcd,0
122833,5caa97ac0f7bd175599ecd3fd770b23aef78532b,0
123234,5255f90613b2eb000771509abe0f4a7ff2152ad2,0
123613,9e4f62f42976ad75428f55fa50da86a18132395a,1
124212,82d9b35a202988103885edb3b94762b147a1df6e,0
124224,bc50b8f2e8d5a0cf8a1aa57d968af95600125433,0
124478,07ed976e2acd2e3467e56d7283431bd5755fed8d,0
124536,f666bbb2ef50581dfebbab10555776a77290033e,1
124775,7070d4d572fce71389ee9b76c8a667d73265fed7,0
124842,4966b67e0eb8feaa4bb74b9c3dc46af13a215af8,0
124937,9d969b23eb9890ffa660d20d380a0b1ea4361a66,0
125326,efd3778511c9679f9c54c5b13d21ce91b0f9312f,1
125353,18f4e2601364bbac9950ee77d0718793452862d6,1
125434,3f2b3af9b6c54e3c998ae5c0e550cc77b86e110b,0
125591,5a3b9755fa2f80d86984dccfb7d3f1aa9f3b5fee,0
125774,416a88320a0411a25055ee5d33bf6a28f960b804,0
125795,aa34eba49dbee10e6df2221eb1ae69a9d51d6c05,0
125808,60fcf4185610abd5e27671a630aba4f89ddee30e,0
125911,e9cde79bd360c0a6d61bc056e8f858c8e6f2d4c9,0
125967,136d3bd2accc3ce8096dbf7c037c5bfd96a3b0d9,0
126168,f4c4f0ce7be88a8ae8d8891ebe588adcc0e99004,0
126296,b2ee750e5e26181861198351245190d5b5d56202,0
126436,cc4bc6adae652f1b30b8645d890b1f38ed868337,1
126654,ffd6ad8df18d1773c97de9b9a98d7dcbb7387402,0
126840,4420cbd216899cf36f9398273937b14ca867c0a3,1
126893,25cca931340b64ccd096893412848085d2ba734a,0
126956,46cf9879c30375dcd18c2729ac92b9b8948e38a9,1
127253,87b278afef380da7abe0f539e3e753101cb9e9e3,0
127361,e97a3801c0c40dc9251b2291e27e26cbe5943ef1,1
127371,8c9be72744e62cc6e55739f3921fa9b12e501966,0
127403,7882383d032c6ea355b07feb9756d098a3edd48e,0
127430,6ff33fce9f9cd181f56cdff03f94ed77c715abf6,0
127688,0ad16355d3703c80bce0864c7e965a1848dd4f0d,1
127725,e1bedd9e564a4c7eb21d9b96bfe363734192fbfb,0
127765,331bc25c20543f5b1297c25b55ff7a7de74abfa6,0
127767,1981c742f3ed64a2fa22bfa2717c1bae77a2c88e,0
127784,b34feacd7e5fe95f0e633fb4b24b053c48dd2cd0,0
127806,75f5ba57949ffe176602621811578f0209b3a0c5,0
127937,c5ff7cf3ff89a3af7ee69d95ccb8e56111d614f2,0
128147,8fff6319bb14b62be57a9b968d806b3896e17861,0
128162,dcfc59e0e8348040cefe6e1dda6ea4ccdec6099b,1
128326,6fbed3810523fb298bbd1bb3ada66ca05944fe27,0
128715,0fdd5b004a4fa746cd1f43c5a5c395284f5426d9,1
128914,a4e2a1f4acc16ff9bac3392c032c4af69d16b2f7,0
129018,92d48b44fb45ccae3a8b5b95ea31be45b3072b82,1
129054,00f9dfc7f68bc7bcc8c3dff6c99090221f1fb6e1,0
129621,a204882dd1f7f521f4338cd224a3c789f600935e,0
129635,84b9ff7d954f6ff9ae408ffe079733a07af3c805,0
129869,65625409ed32c3b0e84b8eee011ec6a0fe257653,0
130047,c2d72693cb56085ea091bfc05d6255bc55b0c2fc,1
130094,7f3c7079c2cb8511284fa4dda4a5721d0a054a1c,0
130232,0fc05dcfccd735ed055053d797d80f22b9968173,1
130494,a9b4b4015b0d7256c0965f7f2eecc5691721e121,0
130581,bdb15c2a167e274ce2997094e164fa7f9e0cbd74,1
130637,dfb6baf367ced383ae444731eccd66978d09ad0a,0
130649,95390eb5841e02bd0c68c5dd371f3b688dddd2ce,0
130811,22ec5d157a2fc93186f92c9941e8a5a65ee0d9b5,0
130901,b5a3d77b2148860452ea397d61ccd918adae180e,1
131147,32da8cb1a5840591d5accd1dcca20e4e10b715f6,1
131311,0e39de9dddd3e2ee8130e9ebfb95aa5a093b2b2f,1
131353,37029b9f2ee79a9e95aa0e34d0d834589f5debbf,0
131520,d83b2204cd4383ef0b1eff317438498d9856ee0d,0
131534,0c243313204958419b194a62a1aa3ca8f5ee500b,0
131590,0abcb7b60df0abb95d0a46e7c64bc49eec54e13e,0
131680,d8717a70bf2a784e1f73e42dc0299a16dab51952,1
131921,c596d5e5e12c5c9642d85ad5db8fe891e0793efb,1
132042,f4c6e3bc97c83b68f80d33a017c86ee4b967d6ae,1
132192,12f825041f971def2a86df49a68d48accfa5d7aa,0
132341,b58a1759731bb5c61819913e1d4fdd9e9ea06d6a,1
132517,00297009e0d2dc4700f99cff57a1311bd1f25972,0
132633,098e7165cd59f836a5ca47b71bcec12a4504b93e,0
132710,42e2e90b3c87e72260ecc6daf3bc758c4255b076,1
133141,39c16080858f31b200258dc67f6cafa248da2cc1,0
133374,1b6e7d0433c868caa2eaddf1d6fbca11b9f01170,1
133548,b2ca873e6a870931145d7928f7e250a1f4260552,0
133664,dfb7d5bfeed09770a25e44bd7f9e9cc523a2945a,1
133687,b37ddf0c5e3ed70798673b13ea3a2c3267096658,1
133915,d42caa63c46acd1398f12214cd5b8bb7458b99e5,0
134000,5b5dbc363f3fda86cfbab5344f6280224fbf9afb,1
134118,98e09d5061a56557ec881070bc6d6450e8a9f8d6,1
134133,8517d228db76e6c049b7b2e89ab2fadf959bad9c,0
134337,5371a583813d9f52544b0734cd6fd7d46e2fb15e,0
134522,753bb249d70ab6dcd67ccff6d129baf5ece9f144,0
134684,e3b20b0646049ec4a0311215e0c83ac0ca5e2fcf,1
134713,55af9bf927325c39e099a43bbbe498b1d04db5de,1
135133,86bbc215bd85a4e2650d6a3ea47311f9ce607573,0
135405,47201bb273b3f56b1a6271c3f269b45228a58c87,0
135591,a270ae5f97c7fe75bea24b57c5e7ff09edc8c1ac,0
135642,583c9796c187980d2b5b949112567de66631df8e,0
135749,ff097269a60fd833dc918f2f66c32e7eac4c53ea,0
135855,d7a522ce37cfaa0644222312c4c094183f86118d,0
135978,4cf2fa6c33e789d6feb2763c5d79121c8e4eaf16,0
136483,e3843b1e5c7acfdea0b359fe2220c9555cf9f8c0,1
136605,6c2e13e838e0ea21e2f63e7ff824e948f0104665,1
136715,ad1c1d2dee966a482fda97df084d6349d8435596,0
136908,776bf4ee991427bb71b9109ffca36564aaebf530,0
136927,0b96651145a832f85406522cd54f6a6bd262763c,0
137302,101b0d3ceed6568d8d5ace5ba2800616b577a99d,1
137345,0c7bcf0de682c5e6e0d49f8b87e8aacc6fc0a6c0,0
137359,99915dc4ddabbc0abe07566657e8dfe1b2768282,0
137491,1edb7377983ac736f0af701fa7e9a02a99621fb2,1
137647,9b7fa6851658ab0efb57039e9d405d2037a9c798,0
137667,7887b0793254bb9d5d8ee92ae2c8b9ad48f537d9,1
137769,9577eebf7a2f605210a99d93d460e5c8e3a8efcb,0
138131,a7c9d00e646ea139267edfcdf7e5f8d7dbd26703,1
138282,adf785ef4a99097504e5a013347d05bbb57593f6,0
138308,2c353e300958bbc3456f2a3216ef4be8e8ef1d33,0
138625,7756b28c36e2c671d3c07942d0295249db5ce3ed,0
138736,50eed5fea1c83d8d1c2d7e36d4ca21033f0790fd,1
138752,13a8d70a61ad5f2f705b19d2e9170a1777c3f3af,0
139149,d8a4d6c5474fd8be1034a5f460deae156c385031,0
139253,785cddd583e25ecb02d82f977debc58ed795dad7,0
139316,eb93345a9f9fe3d6a83c95837ed4a0d99a724891,1
139324,3dd2957507e84c26efe3488239de41fbf39c3a98,1
139339,f98a32f4ec1e29a083f7fb2a4f16120e6918bfaf,0
139462,bfa260f6d0a822fd6c55d07486712fea3b9f4a38,1
139559,60133f86b0718b3833325e506707ca321a59b6eb,0
139683,0a8c93415e016c5976ab1768dea3258a1938a50c,1
139721,93e90d936b3301216e24d3683bef5cf74ab18743,0
140365,4b901f376b3cef16a26874fec421c10eb8927170,0
140382,cdec1363a46f037e14e33b35595fdd593a4864ee,1
140459,b05178ea667ce22107ab4c8389456efdd76e6abe,0
140574,2f6f83ccc81e86141f31c514c13347cf81c04cab,1
140823,7dc8dac19eb8b8a31702d4aa19c69eb10b87141d,0
140920,f1480ec7eb921b1ae8f03c4172715dfd61a60a48,1
140965,b1280d00946b7a92956d518ce6dbb0f4c81ab3a7,0
141415,4738a1cbaa2b0de989f80b367c3550efb1a81e07,1
141453,71e7c463f37c855a14959a0179df223ee1afbf69,0
141580,1cfb95eab2f62b4c0d984aab025b1cc5f51b3e16,0
141857,a8bcb04d0c84780915bebbba53f07c366ab65e71,0
141912,3ee701180c7d1def5fa3a9127d180887285639a5,0
142076,4afa7f5812a1cd6a2ebc069e8accd0809a9fe61f,1
142086,f11534a9e348ddfe6dfe30de1e37a4b75a1ac584,1
142089,6f2544654f498ac468d46551f46558d578d79bb0,1
142163,b34bcdb64d5193dce402803e119bbf6909ef5ed6,0
142182,8316325a6abf6929d119d3b13553d664abed51a3,0
142390,1a0a4eebfb7be1c27517fc860ff14e78bc64c80a,1
142481,799135199c3b0eaab8712782034a368a8f0ff4c7,1
142673,1a52bcee9d4600b0e4b6a5209a49695a8a228c4c,0
142707,c9aa3f7de7c7676c9200c82c784520aac295d0b8,1
142726,8e5c39bd27584df9369d6b4a3e822eaaf1cdf13d,1
142904,1e7391601e7edbf871768a88da739882fd089d19,1
143030,acf2bf212c09c8e3ffce796fef53a091b3050d50,0
143044,b7cd108c3cd5db18b2ca7cc0637beb66566612f4,0
143064,a03ccf105c1c106eb3147dd0992acdd738b70cbf,0
143157,a5eada68beb9270dda1d038cfdd95b40f49b66f4,0
143524,cd520da61f8860a94f62c75672d1b7b0ff966544,1
143655,2e2a41df45e9ffc15ccc7adc786fb98db48333c1,0
143900,68596dbd57dc188d3ac29f115178789d40332fdf,0
144089,ddbb7ad2f949e643f3d7449ca1570df9f6b8882d,0
144757,8d49f89faadbb622687311f769199d6b9fe9ac40,0
144785,2a693135fec1863eabe890321fec5d760e3f1add,0
145033,5257d7c9a7047ceea8d4f63c442a40a7976c49ed,0
145091,7b54dd6863be906de6951e000c7860f7d48f4661,0
145221,9188eb117750cc95f6fe5813d658af8049a6152e,0
145649,0b1eff7581e96b549911d2f47708dabca845ad69,0
145698,5c8719d18b53657c22e93bbe12a56554c1ccfd31,0
145947,0127b5a8952256267921f5915c0b82360939b19e,0
146029,5cfbe1db794504ffa94e10463fe2c70cb5e109ad,1
146061,6ee95d08183cec07dfdd8f54adc63d322cc38bd1,0
146184,b7296ddab790084b7c554d13e876af41d19bcb77,0
146501,9ab42a447d7139c2c2292ade83eb2b3cf1f3efcb,0
146695,0c7d3be2e5e03557b98fe8a8e91add62068ef0dc,0
146701,0972de37639f460412f331a787b4261a0c830fcd,0
147219,1fa104c4ff9aa3c4f90a566d787e7088721faabb,0
147604,9b203984a8967d1fb5ae8b8791ef4946d2c9ea2e,1
147951,cb59cd6adcc980d42f37e344ebe721c827140db3,1
148382,123f63fce3dd6d763055263a3d7e533d70b06001,0
148446,7f45c9ed6b82b5ed4bf6fcd5e80bb2eb6d1ea8b0,0
148510,c3d1cf8a6609146998a8bd418705d489223d7533,0
149041,0ac66029461d407fb3139a7c66a0b71670db5848,1
149147,f4044a95cdc76c7adba87db7119350327bfc9bbc,0
149370,363d38ccf7a60da00d1f6bfd0f641ce2d0d3769d,1
149373,54d217f1909693fc04fdaa4b86159894674d219f,0
149445,8ea4c47daa269a9ac42aeb6d141a67e3d0526d83,0
149668,ec50ce55c0b538196561062ed86e64c3747cfc1d,1
149677,3a48ffe4e50ac5a45f2dfacd9ab5529728cfc37d,1
149690,0ebc8d1a5f68015da2b272637f4d3b16a868fe1e,1
149886,f0ca1ff02794b8d5b01b880755900cbf5007f0ec,1
150049,d9c2254a3eeee8b1af3fbcc5908f8b87f6c9cee8,1
150052,60ed96bc806987e4d10244767e6a98fa70b9387d,1
150138,41e3e17ae69e4c0cf815af7ccd803e7dffe4edaa,1
150182,81f388b5674cd67cb01dbc817180327b36a35080,0
150394,e5a31a4f935527698a900f36486ce2c08d57806e,0
150574,bc47488d6084ac963522b198b3ee1dff19e40b82,0
150665,57dbb96fcb761e37ef6cc085eb597ce18ea059d9,0
150748,8475bb73f74af8ee5ae467c8082a0aa0774c91df,0
150858,3601546a59a2473b5898cb4dad4289035c336704,0
151000,556af927f93d983b0126919c6bdc82745a70ab55,0
151336,3eb493c470a3c03374cb39ed9ca84bccdf2f806c,0
151592,27170030e3a21599b3abf958611a2deb5e0bd457,0
151638,abcea19f5be41d956e4885750c70818e18ec4ca8,0
151652,d6a538f3d1b4eab64abc052383c09318af409ee0,1
151776,b7247839d0931e408a1f69618b10bf6e35344fa1,0
151777,46d674bdcefe1dd30e1c70921b9afba7c1220a06,0
152050,6dd5615feea05dd9a6ec5f8455a8aa856ca307b9,0
152185,fe90937b3ac2b0a28754b1ba5720e77dca9296e8,1
152581,072e1959d9e323259fc23de4de1063eedb5306f7,1
152641,2d3f54e754dda8e0e7271582815c34b718c2eaee,1
152807,a368f3af8639c6141d8588a40e88c7ede3660b9f,1
153248,86e50f3be2044a247b4461e2c6c67bb78e501dd7,1
153532,02f68311b4a82f829d8eb27ff6d04f18989974db,1
153761,e56b19fed1500afce5de1c09bf58ee10badd2a71,0
154499,602840d9c932a4556a8fa735f9f2497cbcb19899,1
155042,4c1e4c556399fa5c359d8d455d59f4e209aec6ab,1
155340,655bb5f34edaef87cca08eb1c056d823d53464ae,1
155483,4b66c73e0b5597a3668c8c8f8ab62bf414a86f0e,1
155822,c39b56ae73c9fddb69401aacf048db2fa6d15d0c,1
155978,509355e3c151c396ecc561843d02acaa4b80805b,0
156419,3690cdd546251d4fc78a543b6d256386fb0294cd,0
156481,d02ea36a09690007b5e0d736f2b478614723e231,0
156487,521af07c2937d9c98ba0ebe563d5895ea790f729,0
156853,ab197efa65706dfeda83c11e50496603e95bcac6,1
156898,054d1b5379b1f322b5d2a755dd1b9b751a24ac82,0
157001,29afada10d02b61f8f1d55fa3e156c604528f143,0
157355,b729467d9da3ded15228b1e9894d26b5e95b5226,1
157370,5abc76e37b19b18f833f2d051b3dd83d64083449,0
157749,8448707b823af71ae15b9e62e29b7844d088c352,0
157803,bf2db34305658eb3901ed9bd5d109e6a0b15840b,1
158306,c5eb55868e8dae3e470b3ecb673b0fe700b2e8b2,1
158328,b9b3125069cf381981d42c3ccb35000fcbfd658a,0
158332,cc7dfef8e8248f0f23a34cd863ad74924f3424d1,0
158368,f41ef1000ab0a0680f19ecba2803f4ff52f9c824,0
158619,76f6ef11eac987fb09db9d8c6f5605c029d95b82,0
158655,009b2a5f506fe85bf22f33fe4057449dbb3e00c0,1
158757,856396891c43e8989dc101ed438f68d51d01f9a7,1
158773,7544ffaef9ad0067543a029ff772c6920668e45b,0
158839,4795ea026e11405621e4a0be92475741b033cead,0
158924,3cfbbfd17f110464c2958bff51acbbc6ca422945,1
159057,591b745c4208ca1837cb8305de844af1115958a6,0
159174,7b219bf794262546339a27251600f982633f780e,1
159527,bbde1d67732463cb62735ad2c347bd02b5465116,1
159618,8be43689f910fe7a91ebe755e76db737c6b46f81,1
159682,cb17831146a1ce58ea9ad5948d962ec97db15a42,1
159943,6956599a4ee33a06a03cee8a870ff96c4485676c,0
160315,0219d1967b75035d363ed68e04c46931f74f8838,0
160665,b7d34da656403e38be232c8fe90b68abf565317e,1
160704,6326ef6e3ed3c6c6dfdead3a0550d20752f6548b,1
160757,e71a96416f0f13fbd29783420c66e83be72fb41b,0
161096,2fc79a6c897c2120ec3eddb092b51bd8afd43385,0
161335,a7d320cb58362d18adeb247807b0c135339ea002,0
161417,5d14c17a72225607dc404ab19f74619bf91ff75b,0
161431,3b54a90806c98db75a8d2894a51fd09007623bd1,0
161507,5448ba687237cfe5de49a90be05ec00884367408,0
161676,c4ecdbe1b04cc8f800c64baaee50f174f1ab4ec6,1
161888,b48451d24f9023c343b2c791db1fac51d9728b94,0
162162,9a56e82e4fda8a409049e88fb5c794326b4540d2,0
162354,5e5c952d8d82faff1a4a33feb1d3dc72336df1ca,0
162503,d5b979de06d984937bfae7fac9d8d16783d035c5,1
162930,8fb00d60f66c9602abbd73b1ed40d4f41f03714a,0
163020,760853a7ad0d97672e65a249101e0e1a2ef904b4,1
163096,b53a5c1493228c8e91449c48a6067c97acd54c96,1
163293,8e0d65ccac5d23c7a7854db97b5cca75103d1bb6,0
163471,7a2e5b49301dabef18dc5a71938567e90d277647,0
163633,01fd65e4d338d8980b95d0d4c4f526896d1f5345,0
163840,ebf6863ad7ccf85b5c8cf5323d9e8b4e4aa37c6a,1
163852,17d3c5a25eb4365daad5f442a7c04782662ad6f9,0
163936,2439fd935ed7f3694b0ed960864405b5a9c7e929,1
163962,e5b69bf059b450de8547cc24a4d75bd42deae389,0
164071,6a7d2539706d691664b922de01e25fe2c538d768,0
164556,b66dec6c0e8b3b15da1bea88faa87e13cda63d76,0
165069,9fda6a4eeb4df9872691593a8b7a9ca2ba584624,1
165134,63d6a1e84d7182927dcfcf212349962334869676,1
165142,37394283145b29cc8be518c77f5a34ef59f6b33f,0
165206,8b1634fa71ed617192b45c0696ecd140df30caf4,1
165242,50cb00374350d2a33e7d6e1a703273010c279af5,0
165329,a88d8fb639849e55350e281c46b99ee250c7a74a,0
165484,b23f438e748dca44aab6605f2783cc9948bcb3c3,0
165734,1026b4bade43e433c2b86d2c70415e7a945b5f4d,0
165987,125bb761c4ea978be90b09b1053015c8466d79f8,0
166563,f7eed55acc64fd1a2b6c44bc3673245d8dbdab50,1
166897,c6b720e75a288b9d81f3f8c6be2c41d88be86ebe,1
166954,97787ff60f28063924a59405f74bb22c263069f8,0
167029,59aca23c3e9dbc517337a170d92c369d391b9c48,1
167068,e3c86ac9f4d54ae49d45ad92fdf797ffb401603c,0
167373,09b8dd118a4dab2d97566369db5ea0ead334bc56,1
167451,727f11c959a2d4a4b9922beb6e95854553c63b29,1
167519,0af82258bccc5b56bad9ff4fa9a01ff642cd307c,1
167606,c7b7ab396ab74bedf8c2a2a1ceb544f00a0004dd,0
167696,78414aa90f8effe1b9d1e6d36c7fa0c693a769d9,0
167876,b45397e12f172ccea5563fbcc03045f6ae56804d,0
167898,891ffcdead1d80a7a85b0f75792cbbd67802dac2,1
167988,a345b388c38071a91851cce265220c3612fc59b0,0
168343,f5250516f0b48c78ea30899b688992fc050eb4b2,0
168349,1d3d68b73f233cd938e0702089b2b0f0922b0c86,1
168475,cae9e510b212c17378ed419c4fa6b23acbbb066d,0
168787,1ca228a03c346de11de4b5a42010403e05a0eb4a,0
169008,521fd773cade64345d30293cca6a567a105054bd,0
169030,ad94aefc7fbe242edc953ed2c8d65d7d6360ee41,0
169100,615b72a60f1a980971fa63a921fa25ecf88ca083,0
169103,11c93251fb33c798d3c069c0e1ee52c469c92158,1
169104,86b852ce9fb4146db3fdb5e2043a2213f13ef08a,0
169128,5b5236d5aa76187567ed5ae38cb7e3653fca80df,0
169426,61b3ae2e80353f8a2a1c5e73d6357f4ffc648470,1
169509,8904a9be29f755e6d6c06be72bdaae7e41cb4319,1
169878,cc0ea8c1f8a95e61bf049fbc2782f4c486a039d1,0
